Method,Features,Model,Accuracy,F1-Score
Baseline (No Selection),13,Decision Tree,0.9936467598475223,0.9936465957216645
Baseline (No Selection),13,Naive Bayes,0.9377382465057179,0.9375769907522066
Baseline (No Selection),13,Logistic Regression,0.974587039390089,0.9745829356870762
Information Gain,7,Decision Tree,0.9936467598475223,0.9936465957216645
Information Gain,7,Naive Bayes,0.9377382465057179,0.9375248074938477
Information Gain,7,Logistic Regression,0.9733163913595934,0.97331208247143
Chi-Square,7,Decision Tree,0.9930114358322745,0.9930112073367388
Chi-Square,7,Naive Bayes,0.9377382465057179,0.9375248074938477
Chi-Square,7,Logistic Regression,0.9644218551461246,0.96439886327102
Pearson Correlation,7,Decision Tree,0.9936467598475223,0.9936465957216645
Pearson Correlation,7,Naive Bayes,0.9409148665819568,0.9407501132321995
Pearson Correlation,7,Logistic Regression,0.9733163913595934,0.9733111774281064
RFECV,5,Decision Tree,0.9936467598475223,0.9936465957216645
RFECV,5,Naive Bayes,0.9510800508259212,0.9509745981933923
RFECV,5,Logistic Regression,0.9739517153748412,0.9739479192528405
